{
  "0-1": [
    [
      574390.9574258127,
      360991.2296031662,
      682457996.0205003
    ],
    [
      -213109.07265068847,
      727127.797098793,
      -654121817.138435
    ],
    [
      -343308206.7532393,
      589669075.1162385,
      -782914296770.667
    ]
  ],
  "0-2": [
    [
      -239923.79305747134,
      -158258.52666880537,
      -806263480.8801388
    ],
    [
      145412.7879842934,
      -325140.1068304213,
      -97708901.75288886
    ],
    [
      -435983840.738198,
      1046207607.3684964,
      392327265009.4641
    ]
  ],
  "0-3": [
    [
      -46725.92535956294,
      -183460.22823478447,
      639552269.7208208
    ],
    [
      193989.39029076847,
      -26115.73273709472,
      -15646378.617698604
    ],
    [
      472880234.49614793,
      130762648.58487655,
      -689582415020.9498
    ]
  ],
  "1-2": [
    [
      -5655.4962380885245,
      342489.89402198995,
      -53934879.11318878
    ],
    [
      -380665.74247398815,
      -48993.720031031764,
      -282980307.0617535
    ],
    [
      279613486.35828894,
      -748783054.9990947,
      321569500219.0699
    ]
  ],
  "1-3": [
    [
      -328151.47358355136,
      284728.17670245917,
      794932854.167458
    ],
    [
      -312429.37917315477,
      -507169.54574756854,
      -621702629.2264047
    ],
    [
      1615988439.2441938,
      88919700.74170087,
      -1273484925184.6912
    ]
  ],
  "2-3": [
    [
      72415.97987215429,
      -104582.88291199929,
      1088676166.5510561
    ],
    [
      73163.25312743433,
      127043.65733251628,
      -753266386.6425548
    ],
    [
      -1222647640.6392887,
      -606548653.3487746,
      511144403056.85455
    ]
  ]
}