{
  "0-1": [
    [
      461060.7678196545,
      280384.88135019323,
      407621796.044561
    ],
    [
      -170549.21301460758,
      563074.5450229145,
      -466049163.0160472
    ],
    [
      -273540889.0167718,
      395861843.6448191,
      -507656678668.7849
    ]
  ],
  "0-2": [
    [
      -189478.19100277484,
      -120937.33549000269,
      -512234151.26095814
    ],
    [
      114669.60989804917,
      -248098.21782177995,
      -55408907.57471537
    ],
    [
      -306975554.93450373,
      745043837.0749539,
      240311492835.0765
    ]
  ],
  "0-3": [
    [
      -38086.72864937389,
      -144698.84248030165,
      449782222.0860704
    ],
    [
      158601.74106741842,
      -20660.43944131263,
      -20379324.04052577
    ],
    [
      361155075.0395737,
      104179147.89052871,
      -495947201502.113
    ]
  ],
  "1-2": [
    [
      -4775.06023450474,
      288305.6166054768,
      -48556977.883494
    ],
    [
      -320931.062644945,
      -41181.82426507125,
      -203370144.543288
    ],
    [
      228493829.41409078,
      -588900356.7976044,
      242220111220.863
    ]
  ],
  "1-3": [
    [
      -285964.6465595334,
      247380.60024540048,
      648301772.2273295
    ],
    [
      -273088.9098473511,
      -441979.9524582346,
      -477947430.3521802
    ],
    [
      1348464220.2051797,
      73794698.48109141,
      -1050787361654.3584
    ]
  ],
  "2-3": [
    [
      62088.00908510153,
      -89535.18897919288,
      849552659.3937535
    ],
    [
      62918.81602377857,
      109093.8690891382,
      -597789684.2674453
    ],
    [
      -993477677.1428014,
      -488943070.0903318,
      433665096993.93365
    ]
  ]
}